{
  "v10_A": {
    "map50": 0.255454,
    "map50_95": 0.155087,
    "precision": 0.315599,
    "recall": 0.325267,
    "per_class_map50_95": {
      "aeroplane": 0.188276,
      "bicycle": 0.119195,
      "bird": 0.069115,
      "boat": 0.05726,
      "bottle": 0.038885,
      "bus": 0.281876,
      "car": 0.432225,
      "cat": 0.149007,
      "chair": 0.0835,
      "cow": 0.15097,
      "diningtable": 0.096639,
      "dog": 0.130425,
      "horse": 0.232037,
      "motorbike": 0.194288,
      "person": 0.332243,
      "pottedplant": 0.035874,
      "sheep": 0.076354,
      "sofa": 0.092965,
      "train": 0.210542,
      "tvmonitor": 0.130072
    }
  },
  "v8_A": {
    "map50": 0.428958,
    "map50_95": 0.270538,
    "precision": 0.462629,
    "recall": 0.463948,
    "per_class_map50_95": {
      "aeroplane": 0.326103,
      "bicycle": 0.280123,
      "bird": 0.174844,
      "boat": 0.100612,
      "bottle": 0.119088,
      "bus": 0.469421,
      "car": 0.561225,
      "cat": 0.270665,
      "chair": 0.158965,
      "cow": 0.240029,
      "diningtable": 0.269191,
      "dog": 0.201041,
      "horse": 0.373312,
      "motorbike": 0.288043,
      "person": 0.445517,
      "pottedplant": 0.102769,
      "sheep": 0.149073,
      "sofa": 0.232087,
      "train": 0.367789,
      "tvmonitor": 0.280859
    }
  },
  "v10_B": {
    "map50": 0.238686,
    "map50_95": 0.139605,
    "precision": 0.305249,
    "recall": 0.309364,
    "per_class_map50_95": {
      "aeroplane": 0.184214,
      "bicycle": 0.101737,
      "bird": 0.07964,
      "boat": 0.048063,
      "bottle": 0.020441,
      "bus": 0.172486,
      "car": 0.404673,
      "cat": 0.140357,
      "chair": 0.0675,
      "cow": 0.188223,
      "diningtable": 0.08995,
      "dog": 0.113495,
      "horse": 0.214865,
      "motorbike": 0.161322,
      "person": 0.320201,
      "pottedplant": 0.026597,
      "sheep": 0.095155,
      "sofa": 0.055704,
      "train": 0.192892,
      "tvmonitor": 0.11459
    }
  },
  "v8_B": {
    "map50": 0.378852,
    "map50_95": 0.231294,
    "precision": 0.404735,
    "recall": 0.424933,
    "per_class_map50_95": {
      "aeroplane": 0.291915,
      "bicycle": 0.25767,
      "bird": 0.139239,
      "boat": 0.060375,
      "bottle": 0.092592,
      "bus": 0.370996,
      "car": 0.529495,
      "cat": 0.245351,
      "chair": 0.12684,
      "cow": 0.222683,
      "diningtable": 0.2289,
      "dog": 0.152752,
      "horse": 0.336345,
      "motorbike": 0.306837,
      "person": 0.421801,
      "pottedplant": 0.087645,
      "sheep": 0.143144,
      "sofa": 0.143497,
      "train": 0.254385,
      "tvmonitor": 0.213421
    }
  }
}