{
  "v10_main": {
    "map50": 0.563345,
    "map50_95": 0.390965,
    "precision": 0.610464,
    "recall": 0.529178,
    "per_class_map50_95": {
      "aeroplane": 0.415576,
      "bicycle": 0.482904,
      "bird": 0.316933,
      "boat": 0.260223,
      "bottle": 0.197699,
      "bus": 0.55888,
      "car": 0.586458,
      "cat": 0.460316,
      "chair": 0.228471,
      "cow": 0.358201,
      "diningtable": 0.417088,
      "dog": 0.383983,
      "horse": 0.547052,
      "motorbike": 0.447472,
      "person": 0.459993,
      "pottedplant": 0.169977,
      "sheep": 0.333748,
      "sofa": 0.387527,
      "train": 0.475707,
      "tvmonitor": 0.331091
    }
  },
  "v8_main": {
    "map50": 0.68024,
    "map50_95": 0.465193,
    "precision": 0.707095,
    "recall": 0.638101,
    "per_class_map50_95": {
      "aeroplane": 0.486112,
      "bicycle": 0.554454,
      "bird": 0.361288,
      "boat": 0.31924,
      "bottle": 0.297985,
      "bus": 0.650013,
      "car": 0.641654,
      "cat": 0.524093,
      "chair": 0.289248,
      "cow": 0.476171,
      "diningtable": 0.493521,
      "dog": 0.478312,
      "horse": 0.620015,
      "motorbike": 0.526697,
      "person": 0.538193,
      "pottedplant": 0.202516,
      "sheep": 0.411165,
      "sofa": 0.48848,
      "train": 0.530712,
      "tvmonitor": 0.413994
    }
  }
}