{
  "v10_main": {
    "ms": 12.63208749999952,
    "fps": 79.16347951199974,
    "device": "mps"
  },
  "v8_main": {
    "ms": 12.764205533312634,
    "fps": 78.34408474465192,
    "device": "mps"
  }
}