{
  "v10_A": {
    "ms": 9.999786099918614,
    "fps": 100.00213904656809,
    "device": "mps"
  },
  "v8_A": {
    "ms": 7.653536099921136,
    "fps": 130.65855925214808,
    "device": "mps"
  },
  "v10_B": {
    "ms": 6.98537363326371,
    "fps": 143.15626514780706,
    "device": "mps"
  },
  "v8_B": {
    "ms": 7.322413866616746,
    "fps": 136.5669870913812,
    "device": "mps"
  }
}