{
  "YOLOv10n": {
    "map50": 0.60631,
    "map50_95": 0.402509,
    "precision": 0.665489,
    "recall": 0.566083,
    "per_class_map50_95": {
      "aeroplane": 0.419502,
      "bicycle": 0.498449,
      "bird": 0.32113,
      "boat": 0.281043,
      "bottle": 0.28482,
      "bus": 0.576394,
      "car": 0.615449,
      "cat": 0.411763,
      "chair": 0.24444,
      "cow": 0.374153,
      "diningtable": 0.387246,
      "dog": 0.404418,
      "horse": 0.535404,
      "motorbike": 0.46783,
      "person": 0.492118,
      "pottedplant": 0.163969,
      "sheep": 0.355544,
      "sofa": 0.357576,
      "train": 0.490405,
      "tvmonitor": 0.368528
    }
  },
  "YOLOv8n": {
    "map50": 0.666753,
    "map50_95": 0.443126,
    "precision": 0.711347,
    "recall": 0.61899,
    "per_class_map50_95": {
      "aeroplane": 0.49915,
      "bicycle": 0.531735,
      "bird": 0.332426,
      "boat": 0.309537,
      "bottle": 0.323395,
      "bus": 0.613784,
      "car": 0.653738,
      "cat": 0.454663,
      "chair": 0.281873,
      "cow": 0.431905,
      "diningtable": 0.440674,
      "dog": 0.415558,
      "horse": 0.535757,
      "motorbike": 0.498387,
      "person": 0.531746,
      "pottedplant": 0.187102,
      "sheep": 0.468236,
      "sofa": 0.422755,
      "train": 0.502757,
      "tvmonitor": 0.427339
    }
  }
}