{
  "YOLOv10n": {
    "ms": 21.189323634219665,
    "fps": 47.19357810860237,
    "device": "mps"
  },
  "YOLOv8n": {
    "ms": 19.000525000349928,
    "fps": 52.63012469295365,
    "device": "mps"
  }
}